Athlete_Event_ID,athlete_id,event_id,medal_code
1,2062,321,1
2,264,52,2
3,2113,323,1
4,2212,331,3
5,560,95,3
6,1741,299,3
7,65,17,1
8,65,141,2
9,69,18,1
10,69,141,2
11,55,14,2
12,132,31,1
13,132,184,2
14,1996,319,1
15,1001,165,3
16,1176,202,3
17,1903,310,1
18,1781,303,2
19,238,52,1
20,317,59,1
21,317,141,1
22,1712,293,2
23,585,100,3
24,250,52,2
25,2107,321,3
26,2041,319,3
27,2042,319,3
28,290,55,3
29,1537,278,2
30,666,116,3
31,40,11,3
32,2234,332,2
33,1737,298,3
34,223,51,1
35,2329,338,1
36,2112,322,3
37,2199,328,2
38,516,89,3
39,2001,319,1
40,354,68,3
41,1666,291,1
42,1675,291,2
43,1905,310,2
44,1287,227,2
45,2356,338,3
46,2363,339,1
47,1765,301,3
48,1764,301,3
49,1008,168,3
50,1854,309,2
51,1124,190,1
52,1484,267,3
53,1674,291,2
54,172,39,3
55,2043,319,3
56,1877,309,3
57,1847,309,2
58,1205,212,3
59,5,1,3
60,1518,275,3
61,67,17,3
62,164,37,3
63,2,1,1
64,2,12,1
65,2,113,1
66,930,148,1
67,1623,290,2
68,2078,321,2
69,364,71,3
70,562,96,2
71,562,162,1
72,1568,284,2
73,1051,178,1
74,1423,264,2
75,431,83,1
76,1782,303,2
77,1617,290,2
78,2044,319,3
79,2039,319,3
80,2390,339,3
81,1691,291,3
82,457,85,3
83,1995,319,1
84,2045,319,3
85,1614,290,2
86,1839,309,1
87,186,43,1
88,186,178,1
89,2111,322,3
90,426,82,1
91,426,141,2
92,2003,319,1
93,1245,219,2
94,1245,289,1
95,1546,281,2
96,1949,313,2
97,2376,339,2
98,1878,309,3
99,1183,204,3
100,261,52,2
101,1045,178,1
102,1573,285,2
103,32,9,3
104,816,139,3
105,1365,246,3
106,1720,295,2
107,1836,309,1
108,1879,309,3
109,2018,319,2
110,1563,282,3
111,2120,325,1
112,1625,290,2
113,1485,267,3
114,2213,332,1
115,240,52,1
116,1857,309,2
117,2121,325,2
118,2258,333,2
119,1127,191,1
120,2172,327,2
121,1579,286,3
122,174,40,2
123,912,143,1
124,2201,328,3
125,508,89,2
126,1401,257,3
127,1953,313,3
128,1874,309,3
129,502,89,1
130,1692,291,3
131,820,140,2
132,1267,223,1
133,1137,193,1
134,1569,284,3
135,655,114,1
136,1246,219,2
137,454,85,2
138,1687,291,2
139,1498,271,2
140,996,164,1
141,2335,338,1
142,954,152,3
143,1985,318,1
144,688,120,3
145,1745,300,3
146,577,98,3
147,73,19,1
148,73,60,2
149,73,126,1
150,1910,310,2
151,1396,212,1
152,785,135,1
153,785,306,2
154,1888,309,3
155,1917,310,3
156,1860,309,2
157,517,89,3
158,1451,266,2
159,319,59,3
160,971,156,3
161,455,85,2
162,184,43,1
163,1591,290,1
164,1301,230,2
165,422,81,1
166,1277,224,3
167,1349,243,1
168,1370,248,1
169,301,57,1
170,2040,319,3
171,1459,266,2
172,133,31,1
173,957,154,1
174,957,153,2
175,1188,206,2
176,1188,303,1
177,1619,290,2
178,443,84,2
179,821,140,2
180,1259,221,2
181,1350,243,2
182,925,146,3
183,416,80,2
184,924,146,2
185,887,142,2
186,2116,323,3
187,1275,224,2
188,735,124,2
189,914,143,3
190,1398,256,3
191,677,119,2
192,230,51,2
193,230,205,3
194,22,6,3
195,2220,332,1
196,1261,222,1
197,2351,338,3
198,1629,290,2
199,1633,290,2
200,2355,338,3
201,1534,277,3
202,571,98,2
203,2317,337,2
204,1631,290,2
205,1088,181,3
206,217,49,1
207,874,142,1
208,654,113,3
209,424,81,3
210,2282,336,2
211,1428,266,1
212,460,86,1
213,1227,216,3
214,1227,315,1
215,2143,326,2
216,36,10,3
217,1317,235,3
218,497,89,1
219,1729,297,2
220,693,122,1
221,154,34,3
222,1783,303,2
223,1889,309,3
224,976,157,2
225,1896,310,1
226,1435,266,1
227,721,123,2
228,315,58,3
229,366,72,2
230,1327,239,3
231,1027,173,2
232,1026,173,2
233,2362,338,3
234,694,122,1
235,1954,313,3
236,495,89,1
237,1489,268,3
238,430,83,1
239,1041,176,3
240,595,102,2
241,2125,326,1
242,1395,255,3
243,2345,338,2
244,2342,338,2
245,695,122,1
246,1454,266,2
247,1422,264,1
248,2307,336,3
249,1242,219,1
250,1192,207,3
251,886,142,1
252,2308,336,3
253,2305,336,3
254,1218,214,3
255,1241,219,1
256,1997,319,1
257,1436,266,1
258,2126,326,1
259,432,83,2
260,1808,306,3
261,1014,170,3
262,875,142,1
263,1535,277,3
264,99,24,3
265,99,180,2
266,1362,245,3
267,615,106,2
268,965,156,1
269,1204,211,3
270,161,36,3
271,161,140,2
272,1592,290,1
273,70,18,2
274,70,141,1
275,1233,218,1
276,711,122,3
277,337,63,2
278,2127,326,1
279,1549,282,1
280,531,90,3
281,531,178,3
282,1263,222,2
283,1270,223,2
284,926,146,3
285,2352,338,3
286,1711,293,1
287,852,141,3
288,1880,309,3
289,265,52,3
290,2350,338,2
291,1939,238,2
292,1118,188,1
293,89,24,1
294,89,148,3
295,88,24,1
296,88,129,3
297,88,180,1
298,1161,198,2
299,1639,290,3
300,59,15,1
301,152,34,2
302,152,317,1
303,403,78,2
304,7,2,1
305,251,52,2
306,1260,221,3
307,1108,185,1
308,68,17,3
309,1593,290,1
310,1235,218,2
311,1235,288,3
312,952,151,3
313,1222,216,1
314,1222,217,1
315,1222,262,1
316,1844,309,2
317,1851,309,2
318,316,58,3
319,444,84,3
320,1869,309,3
321,370,73,1
322,910,142,3
323,2019,319,2
324,187,43,2
325,187,178,3
326,2323,337,3
327,320,59,3
328,35,10,2
329,593,102,1
330,831,141,1
331,192,43,3
332,192,91,3
333,192,107,2
334,1594,290,1
335,2223,332,1
336,1437,266,1
337,365,72,1
338,1446,266,2
339,2244,332,3
340,1538,278,3
341,1312,234,1
342,153,34,2
343,120,29,1
344,1128,191,2
345,649,112,1
346,649,273,1
347,1132,192,2
348,367,72,3
349,1005,167,1
350,479,88,1
351,286,55,1
352,286,265,2
353,208,46,3
354,656,114,2
355,656,278,1
356,1292,228,3
357,324,60,2
358,1778,303,1
359,1771,302,2
360,1960,314,2
361,156,35,1
362,813,138,3
363,252,52,2
364,1750,301,1
365,229,51,2
366,2124,326,1
367,222,50,3
368,580,99,2
369,305,57,2
370,827,140,3
371,2117,324,1
372,1789,304,1
373,158,35,3
374,281,53,2
375,29,8,3
376,29,145,1
377,2247,332,3
378,773,132,2
379,525,89,3
380,888,142,2
381,578,98,3
382,56,14,2
383,1572,285,2
384,1324,237,3
385,1993,319,1
386,458,85,3
387,832,141,1
388,2128,326,1
389,471,87,2
390,2275,336,1
391,1718,294,3
392,1501,272,2
393,1147,195,1
394,509,89,2
395,2224,332,1
396,190,43,2
397,972,156,3
398,1329,240,1
399,2154,326,3
400,2205,329,3
401,644,111,3
402,941,148,3
403,2046,319,3
404,1904,310,2
405,2095,321,3
406,2339,338,2
407,1682,291,2
408,613,105,3
409,601,103,2
410,1693,291,3
411,1457,266,2
412,1950,313,2
413,489,88,3
414,1387,253,1
415,2249,286,1
416,1417,262,2
417,1417,315,1
418,2020,319,2
419,480,88,1
420,1345,242,1
421,2007,319,1
422,417,80,2
423,182,43,1
424,510,89,2
425,1075,180,2
426,167,38,2
427,167,141,1
428,1013,170,2
429,1990,318,3
430,1482,267,1
431,2340,338,2
432,1351,243,2
433,1636,290,3
434,1099,182,1
435,1740,299,3
436,134,31,1
437,150,34,1
438,150,317,3
439,2158,326,3
440,2277,336,1
441,775,132,3
442,1554,282,2
443,2269,336,1
444,1373,248,3
445,1182,204,2
446,909,142,3
447,1655,290,3
448,2250,286,2
449,1364,246,2
450,1107,184,3
451,712,122,3
452,931,148,1
453,1453,266,2
454,2147,326,3
455,1908,310,2
456,1667,291,1
457,995,163,3
458,995,230,1
459,995,277,3
460,464,86,3
461,1429,266,1
462,101,24,3
463,2343,338,2
464,1430,266,1
465,1668,291,1
466,796,135,3
467,796,303,1
468,342,65,1
469,342,91,1
470,420,80,3
471,2364,339,1
472,518,89,3
473,30,9,1
474,1918,310,3
475,1438,266,1
476,128,30,2
477,397,76,3
478,491,89,1
479,63,16,2
480,63,98,1
481,2377,339,2
482,987,161,1
483,1526,277,1
484,2063,321,1
485,761,128,3
486,447,84,3
487,220,50,1
488,1890,309,3
489,691,121,3
490,691,141,1
491,1845,309,2
492,1587,289,2
493,2002,319,1
494,2221,332,1
495,1279,225,1
496,2286,336,2
497,1784,303,2
498,1305,231,3
499,1439,266,1
500,774,132,2
501,1445,266,1
502,981,159,1
503,383,74,1
504,376,73,3
505,961,155,2
506,631,111,1
507,463,86,2
508,911,142,3
509,1509,273,3
510,1189,206,3
511,1408,259,3
512,2000,319,1
513,557,94,3
514,540,91,2
515,183,43,1
516,183,107,1
517,183,147,1
518,183,178,1
519,183,179,1
520,2327,338,1
521,889,142,2
522,1017,171,3
523,2238,332,3
524,1278,224,3
525,359,70,1
526,298,56,3
527,298,79,3
528,2099,321,3
529,396,76,2
530,1541,279,3
531,1644,290,3
532,1190,207,1
533,1895,310,1
534,2325,337,3
535,787,135,1
536,2312,337,1
537,1251,219,3
538,732,124,2
539,81,21,3
540,1116,187,2
541,2266,336,1
542,212,47,3
543,1112,186,1
544,978,158,1
545,2118,324,2
546,797,135,3
547,797,306,1
548,1368,247,3
549,210,47,2
550,713,122,3
551,304,57,1
552,1172,201,3
553,173,40,1
554,2102,321,3
555,266,52,3
556,2391,339,3
557,1628,290,2
558,576,98,3
559,1646,290,3
560,2173,327,2
561,2174,327,2
562,2047,319,3
563,2175,327,2
564,520,89,3
565,1247,219,2
566,1286,227,1
567,1919,310,3
568,2064,321,1
569,1311,233,3
570,1622,290,2
571,1913,310,2
572,769,131,2
573,769,297,1
574,2170,327,1
575,2237,332,3
576,1853,309,2
577,1566,283,3
578,1566,306,1
579,792,135,2
580,1755,301,2
581,921,146,1
582,2023,319,2
583,2106,321,3
584,1109,185,2
585,2254,258,2
586,333,62,1
587,311,57,3
588,1299,229,3
589,1299,301,3
590,714,122,3
591,2100,321,3
592,1852,309,2
593,2365,339,1
594,610,104,3
595,623,109,1
596,623,177,1
597,2159,327,1
598,2165,327,1
599,884,142,1
600,1595,290,1
601,1262,222,1
602,108,25,3
603,108,110,3
604,2276,336,1
605,472,87,2
606,148,33,2
607,880,142,1
608,702,122,2
609,2296,336,2
610,582,99,3
611,1580,287,3
612,2272,336,1
613,2176,327,2
614,1686,291,2
615,715,122,3
616,639,111,2
617,24,7,1
618,2378,339,2
619,1909,310,2
620,2222,332,1
621,282,53,3
622,282,97,1
623,2306,336,3
624,1637,290,3
625,1891,309,3
626,267,52,3
627,565,97,2
628,1730,297,2
629,807,137,2
630,807,282,1
631,1064,179,3
632,1850,309,2
633,1343,241,2
634,1343,318,1
635,284,54,2
636,1719,295,1
637,1313,234,2
638,869,141,3
639,865,141,3
640,1139,193,2
641,188,43,2
642,386,74,2
643,387,74,2
644,299,56,3
645,1998,319,1
646,1101,182,3
647,237,52,1
648,1171,201,2
649,280,53,1
650,129,30,3
651,129,134,3
652,231,51,3
653,232,51,3
654,1577,213,2
655,2379,339,2
656,28,8,2
657,922,146,1
658,2185,327,3
659,2109,322,1
660,1330,240,1
661,2025,319,2
662,2177,327,2
663,1868,309,3
664,260,52,2
665,2093,321,3
666,2186,327,3
667,1384,252,1
668,1556,282,2
669,1722,296,1
670,157,35,2
671,1578,286,3
672,780,134,1
673,215,48,3
674,421,80,3
675,1830,309,1
676,1424,264,3
677,2380,339,2
678,2065,321,1
679,716,122,3
680,352,68,2
681,1366,247,1
682,2066,321,1
683,1951,313,2
684,1793,305,2
685,1794,305,3
686,2079,321,2
687,2021,319,2
688,2016,319,2
689,268,52,3
690,2164,327,1
691,71,18,3
692,1596,290,1
693,1515,274,3
694,1269,223,2
695,1500,272,1
696,1129,191,3
697,456,85,3
698,539,91,2
699,1113,186,2
700,72,18,3
701,166,38,1
702,2388,339,2
703,1620,290,2
704,680,119,2
705,1914,310,2
706,795,135,3
707,1751,301,1
708,2146,326,2
709,1098,153,2
710,46,12,2
711,2094,321,3
712,2115,323,3
713,999,165,1
714,2178,327,2
715,522,89,3
716,2022,319,2
717,1490,269,1
718,2285,336,2
719,1685,291,2
720,1863,309,2
721,236,52,1
722,1440,266,1
723,1920,310,3
724,1455,266,2
725,733,124,2
726,606,104,1
727,606,124,2
728,913,143,2
729,873,141,3
730,2014,319,1
731,1274,224,1
732,193,43,3
733,193,91,3
734,723,124,1
735,1677,291,2
736,1683,291,2
737,1899,310,1
738,890,142,2
739,1175,202,2
740,381,74,1
741,2217,332,1
742,2129,326,1
743,1897,310,1
744,1916,310,3
745,1405,259,1
746,758,127,3
747,758,178,2
748,740,124,2
749,1240,218,3
750,1130,192,1
751,665,116,2
752,2215,332,1
753,269,52,3
754,1979,316,3
755,452,85,2
756,1597,290,1
757,724,124,1
758,2245,332,3
759,413,80,1
760,1941,239,2
761,1184,205,1
762,2108,321,3
763,891,142,2
764,1991,318,3
765,2067,321,1
766,1999,319,1
767,1757,301,2
768,742,124,3
769,2103,321,3
770,2187,327,3
771,363,71,2
772,535,91,1
773,535,148,1
774,535,178,2
775,572,98,2
776,1885,309,3
777,2188,327,3
778,82,22,1
779,583,100,1
780,583,141,2
781,2110,322,2
782,2336,338,1
783,170,39,1
784,171,39,2
785,2080,321,2
786,1335,240,2
787,1335,316,1
788,2091,321,2
789,245,52,1
790,2392,339,3
791,2171,327,1
792,844,141,2
793,437,84,1
794,1732,297,3
795,2122,325,3
796,2253,258,1
797,93,24,1
798,93,111,3
799,1119,188,2
800,1413,261,1
801,271,52,3
802,1713,293,3
803,139,31,2
804,139,75,1
805,139,203,1
806,1121,189,1
807,1121,280,3
808,1121,305,1
809,553,93,2
810,553,129,2
811,2169,327,1
812,405,78,3
813,2231,332,2
814,1978,316,2
815,1460,266,2
816,270,52,3
817,1412,260,3
818,1656,290,3
819,1217,214,3
820,474,87,3
821,1574,285,3
822,1265,222,3
823,1239,218,3
824,1431,266,1
825,1310,233,2
826,57,14,3
827,2310,336,3
828,859,141,3
829,566,97,3
830,300,56,3
831,1906,310,2
832,663,115,3
833,1540,279,2
834,2209,330,3
835,438,84,1
836,2333,338,1
837,1694,291,3
838,103,24,3
839,1138,193,2
840,1361,245,2
841,1507,273,2
842,885,142,1
843,404,78,2
844,1559,282,2
845,1068,180,1
846,1197,209,2
847,80,21,2
848,1407,259,2
849,470,87,2
850,1901,310,1
851,1379,250,2
852,2081,321,2
853,783,135,1
854,783,306,2
855,530,90,2
856,1232,218,1
857,1232,288,2
858,933,148,1
859,1649,290,3
860,79,21,1
861,892,142,2
862,546,91,3
863,1714,293,3
864,2393,339,3
865,38,11,1
866,1340,240,3
867,1458,266,2
868,1144,194,3
869,1144,195,2
870,659,115,1
871,1325,238,3
872,1296,229,2
873,1296,301,2
874,661,115,2
875,487,88,3
876,1531,277,2
877,1598,290,1
878,1626,290,2
879,1284,226,3
880,1074,180,2
881,2139,326,2
882,241,52,1
883,833,141,1
884,334,62,2
885,1209,169,1
886,1382,251,2
887,1613,290,2
888,116,27,3
889,988,161,2
890,581,99,3
891,2287,336,2
892,2189,327,3
893,1030,173,3
894,353,68,3
895,2060,320,2
896,194,43,3
897,194,91,3
898,285,54,3
899,1770,302,1
900,1921,310,3
901,118,28,2
902,801,135,3
903,801,306,1
904,1211,139,1
905,528,89,3
906,1506,273,2
907,1973,315,3
908,310,57,3
909,1029,173,3
910,204,46,1
911,204,112,3
912,204,273,2
913,1842,309,1
914,1822,309,1
915,893,142,2
916,1848,309,2
917,808,137,3
918,808,282,1
919,808,306,3
920,993,163,1
921,993,277,1
922,2298,336,3
923,348,67,1
924,348,180,2
925,894,142,2
926,2082,321,2
927,1632,290,2
928,703,122,2
929,2366,339,1
930,2251,237,1
931,1386,252,3
932,33,9,3
933,43,12,1
934,1678,291,2
935,1627,290,2
936,2394,339,3
937,609,104,3
938,534,91,1
939,1254,219,3
940,213,48,1
941,31,9,2
942,1817,308,1
943,1133,192,2
944,75,19,3
945,75,60,1
946,2239,332,3
947,704,122,2
948,2304,336,3
949,2160,327,1
950,1902,310,1
951,1800,306,1
952,1328,239,3
953,1695,291,3
954,1213,214,1
955,1230,217,3
956,1230,262,3
957,743,124,3
958,2119,324,3
959,1499,271,3
960,2048,319,3
961,784,135,1
962,784,306,2
963,1739,299,2
964,1833,309,1
965,1167,200,2
966,2261,334,2
967,878,142,1
968,1744,300,3
969,2288,336,2
970,85,23,1
971,332,61,3
972,332,197,2
973,180,42,2
974,180,108,2
975,211,47,3
976,41,12,1
977,307,57,2
978,674,119,1
979,2381,339,2
980,2069,321,1
981,2068,321,1
982,1966,315,1
983,1093,152,2
984,331,61,3
985,331,145,3
986,373,73,2
987,242,52,1
988,1520,276,1
989,1374,249,1
990,130,30,3
991,1922,310,3
992,136,31,2
993,136,160,3
994,1168,200,3
995,1864,309,2
996,1669,291,1
997,597,102,3
998,1236,218,2
999,1236,333,1
1000,1248,219,2
1001,1248,289,1
1002,476,87,3
1003,994,163,2
1004,1772,302,3
1005,2190,327,3
1006,1090,151,2
1007,1009,168,3
1008,1590,289,3
1009,678,119,2
1010,209,47,1
1011,1970,315,2
1012,1937,257,2
1013,62,16,1
1014,1804,306,2
1015,50,13,1
1016,1114,186,3
1017,1825,309,1
1018,1529,277,2
1019,1,1,1
1020,1,30,1
1021,824,140,3
1022,12,3,3
1023,12,80,1
1024,411,80,1
1025,754,126,2
1026,1134,192,3
1027,125,30,1
1028,667,117,1
1029,1441,266,1
1030,692,121,3
1031,350,67,3
1032,350,130,2
1033,350,180,2
1034,233,51,3
1035,2210,331,1
1036,657,114,3
1037,1542,280,1
1038,696,122,1
1039,303,57,1
1040,2314,337,1
1041,725,124,1
1042,138,31,2
1043,1866,309,2
1044,1314,234,3
1045,239,52,1
1046,1707,292,1
1047,1244,219,1
1048,168,38,3
1049,1570,285,1
1050,2140,326,2
1051,511,89,2
1052,969,156,2
1053,1249,219,2
1054,2061,320,3
1055,483,88,2
1056,2135,326,2
1057,854,141,3
1058,551,92,3
1059,1272,223,3
1060,1294,229,1
1061,1294,301,1
1062,340,64,2
1063,340,107,3
1064,1376,249,3
1065,2382,339,2
1066,1856,309,2
1067,1752,301,1
1068,1835,309,1
1069,1135,192,3
1070,1670,291,1
1071,1671,291,1
1072,1219,215,1
1073,1201,210,3
1074,2059,320,1
1075,1303,231,1
1076,64,16,3
1077,64,98,1
1078,1818,308,2
1079,74,19,2
1080,612,105,2
1081,325,60,3
1082,1388,253,2
1083,1721,295,3
1084,789,135,1
1085,1226,216,3
1086,1226,315,1
1087,329,61,2
1088,384,74,2
1089,1142,194,1
1090,1930,311,2
1091,20,6,1
1092,541,91,2
1093,1938,238,1
1094,1988,318,2
1095,1095,153,1
1096,2301,336,3
1097,1243,219,1
1098,49,12,3
1099,685,120,1
1100,1643,290,3
1101,371,73,1
1102,1372,248,3
1103,1616,290,2
1104,1467,266,3
1105,1469,266,3
1106,1323,237,3
1107,1273,224,1
1108,362,71,1
1109,1521,276,2
1110,1840,309,1
1111,1841,309,1
1112,2138,326,2
1113,2289,336,2
1114,681,119,3
1115,1576,213,1
1116,1599,290,1
1117,2273,336,1
1118,2070,321,1
1119,1151,195,3
1120,2049,319,3
1121,1466,266,3
1122,475,87,3
1123,1332,240,1
1124,1923,310,3
1125,2083,321,2
1126,2084,321,2
1127,857,141,3
1128,1560,282,3
1129,351,68,1
1130,1333,240,2
1131,2331,338,1
1132,1814,307,1
1133,369,73,1
1134,2270,336,1
1135,1488,268,3
1136,1257,220,3
1137,357,69,3
1138,1652,290,3
1139,1900,310,1
1140,1234,218,1
1141,1234,288,1
1142,1234,333,3
1143,1600,290,1
1144,272,52,3
1145,2367,339,1
1146,767,130,3
1147,830,141,1
1148,2123,326,1
1149,1021,173,1
1150,177,41,2
1151,966,156,1
1152,453,85,2
1153,1358,244,3
1154,201,45,2
1155,201,92,1
1156,201,111,2
1157,201,150,1
1158,985,160,2
1159,356,69,2
1160,1510,273,3
1161,306,57,2
1162,1347,242,3
1163,151,34,1
1164,228,51,2
1165,228,96,1
1166,228,161,3
1167,2265,335,3
1168,810,138,1
1169,1022,173,1
1170,15,4,3
1171,15,57,1
1172,2191,327,3
1173,2179,327,2
1174,823,140,2
1175,1945,313,1
1176,1601,290,1
1177,459,85,3
1178,1588,289,2
1179,273,52,3
1180,1672,291,1
1181,1380,250,3
1182,2268,336,1
1183,202,45,3
1184,202,111,1
1185,117,28,1
1186,744,124,3
1187,811,138,2
1188,2256,287,2
1189,1160,198,1
1190,1156,196,3
1191,1758,301,2
1192,221,50,2
1193,1946,313,1
1194,899,142,3
1195,1898,310,1
1196,2153,326,3
1197,140,31,3
1198,207,46,3
1199,1621,290,2
1200,611,105,1
1201,226,51,1
1202,86,23,2
1203,1967,315,2
1204,960,155,1
1205,1215,214,2
1206,1215,312,2
1207,1547,281,3
1208,778,133,2
1209,206,46,2
1210,1567,284,1
1211,1102,183,1
1212,812,138,2
1213,434,83,3
1214,1640,290,3
1215,115,27,3
1216,752,125,3
1217,446,84,3
1218,385,74,2
1219,2161,327,1
1220,52,13,3
1221,1321,168,1
1222,1862,309,2
1223,1166,200,1
1224,1282,226,1
1225,1371,248,2
1226,2050,319,3
1227,2151,326,3
1228,1717,294,3
1229,2130,326,1
1230,2218,332,1
1231,915,144,1
1232,2006,319,1
1233,973,156,3
1234,2303,336,3
1235,1276,224,2
1236,1911,310,2
1237,1432,266,1
1238,1415,261,3
1239,1415,314,2
1240,274,52,3
1241,295,56,2
1242,1302,230,3
1243,975,157,1
1244,481,88,1
1245,768,131,1
1246,768,297,1
1247,683,119,3
1248,1641,290,3
1249,1689,291,2
1250,697,122,1
1251,2227,332,2
1252,698,122,1
1253,97,24,2
1254,97,44,1
1255,97,180,3
1256,635,111,2
1257,1334,240,2
1258,1581,287,3
1259,2192,327,3
1260,2071,321,1
1261,1342,241,1
1262,1816,307,3
1263,726,124,1
1264,377,73,3
1265,2290,336,2
1266,1283,226,2
1267,1968,315,2
1268,2320,337,2
1269,1785,303,3
1270,2038,319,3
1271,216,48,3
1272,2009,319,1
1273,584,100,2
1274,584,141,1
1275,542,91,2
1276,1003,166,2
1277,2291,336,2
1278,1063,179,2
1279,2368,339,1
1280,355,69,1
1281,2395,339,3
1282,800,135,3
1283,105,24,3
1284,501,89,1
1285,2096,321,3
1286,1400,257,3
1287,523,89,3
1288,66,17,2
1289,1882,309,3
1290,1523,276,3
1291,722,123,3
1292,1463,266,2
1293,1696,291,3
1294,2037,319,3
1295,1012,170,1
1296,2005,319,1
1297,181,42,3
1298,181,178,3
1299,1849,309,2
1300,1280,225,2
1301,570,98,1
1302,346,66,2
1303,346,149,2
1304,346,180,3
1305,1031,173,3
1306,1117,187,3
1307,2010,319,1
1308,1657,291,1
1309,622,108,3
1310,2322,337,3
1311,2232,332,2
1312,1307,232,2
1313,559,95,2
1314,1194,208,2
1315,227,51,2
1316,587,101,1
1317,256,52,2
1318,636,111,2
1319,1697,291,3
1320,1210,169,2
1321,1815,307,2
1322,970,156,2
1323,195,43,3
1324,1143,194,2
1325,1143,195,1
1326,512,89,2
1327,1892,310,1
1328,1865,309,2
1329,1812,306,3
1330,469,87,1
1331,1354,244,1
1332,90,24,1
1333,90,44,3
1334,90,111,3
1335,90,129,1
1336,90,148,3
1337,90,180,1
1338,90,181,1
1339,345,66,1
1340,345,148,3
1341,345,149,1
1342,345,180,1
1343,1315,235,1
1344,1315,306,1
1345,1813,306,3
1346,1602,290,1
1347,83,22,2
1348,1149,195,2
1349,794,135,2
1350,473,87,2
1351,1032,173,3
1352,1886,309,3
1353,771,132,1
1354,224,51,1
1355,224,96,3
1356,224,185,3
1357,2072,321,1
1358,2157,326,3
1359,526,89,3
1360,2341,338,2
1361,2004,319,1
1362,2085,321,2
1363,1290,228,1
1364,863,141,3
1365,1876,309,3
1366,486,88,3
1367,1676,291,2
1368,2026,319,2
1369,1023,173,1
1370,450,85,1
1371,1442,266,1
1372,1647,290,3
1373,1654,290,3
1374,2396,339,3
1375,745,124,3
1376,1288,227,3
1377,2240,332,3
1378,1893,310,1
1379,1870,309,3
1380,368,73,1
1381,2354,338,3
1382,1202,211,1
1383,25,7,2
1384,2292,336,2
1385,2144,326,2
1386,513,89,2
1387,529,90,1
1388,529,147,2
1389,1331,240,1
1390,2353,338,3
1391,1564,283,1
1392,1355,244,1
1393,1924,310,3
1394,249,52,1
1395,2017,319,2
1396,155,34,3
1397,114,27,2
1398,673,119,1
1399,2027,319,2
1400,39,11,2
1401,2028,319,2
1402,191,43,2
1403,191,178,3
1404,2361,338,3
1405,2263,335,1
1406,1528,277,2
1407,2369,339,1
1408,2370,339,1
1409,1447,266,2
1410,2233,332,2
1411,2228,332,2
1412,2243,332,3
1413,2225,332,2
1414,203,46,1
1415,203,297,3
1416,18,5,3
1417,2092,321,2
1418,2086,321,2
1419,2299,336,3
1420,2326,337,3
1421,1928,311,1
1422,514,89,2
1423,314,58,2
1424,1308,232,3
1425,2029,319,2
1426,524,89,3
1427,414,80,2
1428,2051,319,3
1429,2348,338,2
1430,336,63,1
1431,2052,319,3
1432,1635,290,3
1433,234,51,3
1434,246,52,1
1435,1824,309,1
1436,1976,316,1
1437,467,87,1
1438,1548,282,1
1439,2101,321,3
1440,121,29,2
1441,2229,332,2
1442,258,52,2
1443,2383,339,2
1444,1196,209,1
1445,1196,306,1
1446,1316,235,2
1447,1316,306,1
1448,1543,280,2
1449,848,141,2
1450,1742,300,1
1451,851,141,3
1452,254,52,2
1453,23,6,3
1454,253,52,2
1455,1110,185,3
1456,1829,309,1
1457,341,64,3
1458,341,127,2
1459,341,178,1
1460,699,122,1
1461,477,87,3
1462,1634,290,2
1463,2166,327,1
1464,131,30,3
1465,1028,173,2
1466,1955,313,3
1467,492,89,1
1468,1638,290,3
1469,2230,332,2
1470,902,142,3
1471,313,58,1
1472,313,141,2
1473,2211,331,2
1474,1393,255,1
1475,135,31,1
1476,135,75,3
1477,135,203,3
1478,2397,339,3
1479,1519,275,3
1480,905,142,3
1481,243,52,1
1482,1225,216,2
1483,1225,315,3
1484,178,41,3
1485,908,142,3
1486,1326,238,3
1487,515,89,2
1488,1367,247,2
1489,496,89,1
1490,883,142,1
1491,312,57,3
1492,1788,303,3
1493,647,111,3
1494,998,164,3
1495,283,54,1
1496,548,91,3
1497,896,142,2
1498,1561,282,3
1499,860,141,3
1500,781,134,2
1501,2163,327,1
1502,506,89,2
1503,2131,326,1
1504,1786,303,3
1505,2073,321,1
1506,2281,336,1
1507,259,52,2
1508,507,89,2
1509,818,140,1
1510,1522,276,3
1511,1191,207,2
1512,2008,319,1
1513,176,41,1
1514,1731,297,3
1515,2279,336,1
1516,1724,296,3
1517,1723,296,2
1518,1779,303,1
1519,802,135,3
1520,802,303,1
1521,1589,289,3
1522,1309,233,1
1523,1907,310,2
1524,720,123,1
1525,1883,309,3
1526,1658,291,1
1527,1100,182,2
1528,1207,213,3
1529,2267,336,1
1530,92,24,1
1531,588,101,1
1532,92,111,3
1533,92,180,1
1534,1337,240,3
1535,1648,290,3
1536,410,80,1
1537,607,104,2
1538,1122,189,2
1539,1291,228,2
1540,2053,319,3
1541,705,122,2
1542,1448,266,2
1543,790,135,2
1544,1357,244,2
1545,2328,338,1
1546,1456,266,2
1547,2357,338,3
1548,124,30,1
1549,106,25,1
1550,106,94,1
1551,1827,309,1
1552,897,142,2
1553,2235,332,2
1554,94,24,2
1555,94,93,3
1556,94,180,3
1557,1557,282,2
1558,2030,319,2
1559,2087,321,2
1560,1040,176,2
1561,326,60,3
1562,162,37,1
1563,162,141,2
1564,1320,236,3
1565,591,101,3
1566,291,55,3
1567,1170,201,1
1568,2180,327,2
1569,690,121,2
1570,519,89,3
1571,462,86,2
1572,590,101,2
1573,44,12,2
1574,44,113,2
1575,262,52,2
1576,2198,328,1
1577,770,131,3
1578,770,297,2
1579,1237,218,2
1580,1698,291,3
1581,2031,319,2
1582,1935,256,2
1583,779,133,3
1584,671,118,2
1585,2156,326,3
1586,1497,271,1
1587,1020,172,3
1588,1545,281,1
1589,856,141,3
1590,624,109,2
1591,624,270,3
1592,1035,174,3
1593,1743,300,2
1594,26,7,3
1595,26,60,1
1596,2136,326,2
1597,2384,339,2
1598,1969,315,2
1599,1464,266,3
1600,1378,250,1
1601,682,119,3
1602,2193,327,3
1603,289,55,2
1604,440,84,2
1605,2389,339,3
1606,2132,326,1
1607,1748,301,1
1608,1527,277,1
1609,2011,319,1
1610,793,135,2
1611,793,283,2
1612,598,102,3
1613,1024,173,1
1614,772,132,1
1615,1092,152,1
1616,727,124,1
1617,1699,291,3
1618,968,156,2
1619,179,42,1
1620,179,148,1
1621,179,178,2
1622,1336,240,2
1623,953,152,3
1624,1004,166,3
1625,898,142,2
1626,2181,327,2
1627,2347,338,2
1628,2152,326,3
1629,2098,321,3
1630,1126,190,3
1631,1881,309,3
1632,974,156,3
1633,616,106,3
1634,616,146,2
1635,45,12,2
1636,1212,139,2
1637,297,56,2
1638,1735,298,2
1639,1104,183,3
1640,1700,291,3
1641,804,136,2
1642,1659,291,1
1643,1562,282,3
1644,1390,254,1
1645,1084,180,3
1646,916,144,2
1647,147,33,1
1648,185,43,1
1649,185,178,1
1650,955,153,3
1651,2371,339,1
1652,2372,339,1
1653,1221,215,3
1654,2280,336,1
1655,837,141,1
1656,374,73,2
1657,977,157,3
1658,1492,269,3
1659,1339,240,3
1660,1281,225,3
1661,980,158,3
1662,1266,222,3
1663,382,74,1
1664,2142,326,2
1665,9,2,3
1666,2155,326,3
1667,1915,310,2
1668,2145,326,2
1669,275,52,3
1670,427,82,2
1671,929,147,3
1672,468,87,1
1673,14,4,2
1674,2359,338,3
1675,2360,338,3
1676,2074,321,1
1677,1229,217,2
1678,1341,240,3
1679,1403,258,3
1680,2337,338,1
1681,876,142,1
1682,159,36,1
1683,159,140,1
1684,751,125,2
1685,1558,282,2
1686,1475,266,3
1687,1715,294,1
1688,605,104,1
1689,605,124,2
1690,1642,290,3
1691,2255,287,1
1692,1603,290,1
1693,2373,339,1
1694,728,124,1
1695,664,116,1
1696,2032,319,2
1697,1125,190,2
1698,1224,216,2
1699,1224,315,3
1700,58,14,3
1701,1155,196,2
1702,439,84,1
1703,1007,167,3
1704,951,150,3
1705,1425,265,1
1706,1942,312,1
1707,1604,290,1
1708,1708,292,2
1709,1154,196,1
1710,907,142,3
1711,461,86,1
1712,500,89,1
1713,2313,337,1
1714,276,52,3
1715,1397,212,2
1716,1131,192,1
1717,669,117,3
1718,2150,326,3
1719,2374,339,1
1720,573,98,2
1721,1651,290,3
1722,1690,291,2
1723,2200,328,3
1724,109,26,1
1725,2358,338,3
1726,2375,339,1
1727,1495,270,2
1728,378,73,3
1729,2349,338,2
1730,1947,313,1
1731,1513,274,2
1732,1701,291,3
1733,1926,310,3
1734,111,26,3
1735,257,52,2
1736,1203,211,2
1737,1223,216,1
1738,277,52,3
1739,614,106,1
1740,2013,319,1
1741,2300,336,3
1742,61,15,3
1743,2075,321,1
1744,1948,313,1
1745,866,141,3
1746,1679,291,2
1747,1359,244,3
1748,399,77,2
1749,521,89,3
1750,1887,309,3
1751,1766,301,3
1752,536,91,1
1753,2076,321,1
1754,2012,319,1
1755,1039,176,1
1756,687,120,3
1757,687,141,1
1758,861,141,3
1759,1605,290,1
1760,906,142,3
1761,1411,260,2
1762,1016,171,2
1763,1846,309,2
1764,1702,291,3
1765,2334,338,1
1766,1162,198,3
1767,1624,290,2
1768,594,102,1
1769,1532,277,3
1770,2344,338,2
1771,2054,319,3
1772,1352,243,3
1773,1871,309,3
1774,1198,209,3
1775,710,122,2
1776,395,76,1
1777,145,32,2
1778,1468,266,3
1779,1002,166,1
1780,1618,290,2
1781,729,124,1
1782,625,109,3
1783,625,177,2
1784,1295,229,1
1785,1295,301,1
1786,589,101,2
1787,2055,319,3
1788,730,124,1
1789,901,142,3
1790,1606,290,1
1791,1148,195,2
1792,1571,285,1
1793,737,124,2
1794,1773,303,1
1795,1872,309,3
1796,1304,231,2
1797,1174,202,1
1798,1091,152,1
1799,98,24,2
1800,98,180,3
1801,406,78,3
1802,717,122,3
1803,2184,327,2
1804,2246,332,3
1805,1810,306,3
1806,592,101,3
1807,1859,309,2
1808,1867,309,2
1809,1348,243,1
1810,2194,327,3
1811,339,64,1
1812,339,91,2
1813,339,127,1
1814,1034,174,2
1815,2202,329,1
1816,1025,173,2
1817,877,142,1
1818,484,88,2
1819,1820,309,1
1820,2204,329,3
1821,1164,199,2
1822,278,52,3
1823,1483,267,2
1824,11,3,2
1825,11,80,2
1826,1514,274,3
1827,1875,309,3
1828,2182,327,2
1829,1486,268,1
1830,2056,319,3
1831,96,24,2
1832,96,180,3
1833,2148,326,3
1834,1688,291,2
1835,2105,321,3
1836,1660,291,1
1837,1165,199,3
1838,2324,337,3
1839,1994,319,1
1840,791,135,2
1841,309,57,3
1842,1289,227,3
1843,2104,321,3
1844,853,141,3
1845,706,122,2
1846,1653,290,3
1847,2088,321,2
1848,1000,165,2
1849,1681,291,2
1850,1298,229,3
1851,1298,301,3
1852,144,32,1
1853,718,122,3
1854,1033,174,1
1855,465,86,3
1856,344,65,3
1857,3,1,2
1858,962,155,3
1859,707,122,2
1860,1607,290,1
1861,102,24,3
1862,102,111,2
1863,294,56,1
1864,708,122,2
1865,288,55,2
1866,349,67,2
1867,349,130,1
1868,1406,259,2
1869,1630,290,2
1870,1502,272,3
1871,527,89,3
1872,296,56,2
1873,47,12,3
1874,864,141,3
1875,1608,290,1
1876,343,65,2
1877,343,91,1
1878,343,128,2
1879,343,178,2
1880,1258,221,1
1881,1159,197,3
1882,2293,336,2
1883,948,149,3
1884,948,180,1
1885,1402,258,3
1886,1615,290,2
1887,1819,308,3
1888,2167,327,1
1889,867,141,3
1890,37,10,3
1891,441,84,2
1892,1169,200,3
1893,2294,336,2
1894,1832,309,1
1895,826,140,3
1896,2274,336,1
1897,76,20,1
1898,858,141,3
1899,1473,266,3
1900,375,73,2
1901,1461,266,2
1902,163,37,2
1903,77,20,2
1904,738,124,2
1905,1609,290,1
1906,54,14,1
1907,54,172,1
1908,558,95,1
1909,1049,178,1
1910,1487,268,2
1911,1105,184,1
1912,1749,301,1
1913,2318,337,2
1914,855,141,3
1915,1141,193,3
1916,670,118,1
1917,1753,301,1
1918,1767,301,3
1919,1738,299,1
1920,1394,255,2
1921,60,15,2
1922,2346,338,2
1923,1462,266,2
1924,2033,319,2
1925,637,111,2
1926,1610,290,1
1927,110,26,2
1928,1480,266,3
1929,1481,266,3
1930,1474,266,3
1931,1465,266,3
1932,1476,266,3
1933,1471,266,3
1934,1470,266,3
1935,1477,266,3
1936,1479,266,3
1937,1096,153,1
1938,599,103,1
1939,600,103,1
1940,1152,195,3
1941,1087,181,2
1942,991,162,2
1943,2302,336,3
1944,2295,336,2
1945,2385,339,2
1946,1356,244,2
1947,1409,259,3
1948,19,5,3
1949,87,23,3
1950,84,22,3
1951,95,24,2
1952,347,66,3
1953,347,110,2
1954,347,180,2
1955,104,24,3
1956,672,118,3
1957,2203,329,2
1958,1927,310,3
1959,1709,292,3
1960,814,138,3
1961,2309,336,3
1962,2311,336,3
1963,2097,321,3
1964,2149,326,3
1965,2034,319,2
1966,903,142,3
1967,119,28,3
1968,689,121,1
1969,689,141,2
1970,684,119,3
1971,308,57,2
1972,1645,290,3
1973,1511,273,3
1974,1929,311,1
1975,1936,257,1
1976,255,52,2
1977,739,124,2
1978,1987,318,2
1979,1179,203,2
1980,2208,330,3
1981,1369,247,3
1982,803,136,1
1983,1661,291,1
1984,1381,251,1
1985,2264,335,2
1986,1861,309,2
1987,956,153,3
1988,2168,327,1
1989,608,104,2
1990,466,87,1
1991,1734,298,1
1992,2216,332,1
1993,1420,263,2
1994,263,52,2
1995,799,135,3
1996,799,303,1
1997,1037,175,2
1998,872,141,3
1999,1931,311,2
2000,620,108,1
2001,620,148,3
2002,1271,223,3
2003,1673,291,2
2004,679,119,2
2005,550,92,2
2006,1472,266,3
2007,1957,314,1
2008,141,31,3
2009,1297,229,2
2010,1297,301,2
2011,2207,330,2
2012,650,112,2
2013,650,273,1
2014,13,4,1
2015,1940,239,1
2016,2206,330,1
2017,604,103,3
2018,1826,309,1
2019,2089,321,2
2020,959,154,3
2021,786,135,1
2022,786,306,2
2023,1768,301,3
2024,419,80,3
2025,10,3,1
2026,10,80,3
2027,2195,327,3
2028,2196,327,3
2029,1006,167,2
2030,429,82,3
2031,1831,309,1
2032,2226,332,2
2033,16,5,1
2034,1206,212,3
2035,1363,246,1
2036,997,164,1
2037,1843,309,1
2038,1399,256,3
2039,126,30,2
2040,633,111,1
2041,1185,205,2
2042,137,31,2
2043,1120,188,3
2044,596,102,2
2045,1944,312,3
2046,2183,327,2
2047,842,141,2
2048,146,32,3
2049,2321,337,2
2050,1894,310,1
2051,2219,332,1
2052,1516,275,1
2053,360,70,2
2054,360,156,1
2055,2242,332,3
2056,1208,213,3
2057,196,43,3
2058,196,148,3
2059,1115,187,1
2060,1491,269,2
2061,815,139,3
2062,1787,303,3
2063,1318,236,1
2064,574,98,2
2065,1980,316,3
2066,1195,208,3
2067,1195,282,2
2068,2338,338,1
2069,488,88,3
2070,806,137,1
2071,806,208,1
2072,806,282,1
2073,641,111,3
2074,641,148,3
2075,641,180,1
2076,1925,310,3
2077,442,84,2
2078,1933,311,3
2079,2133,326,1
2080,904,142,3
2081,2319,337,2
2082,1268,223,1
2083,200,45,1
2084,200,93,1
2085,200,111,3
2086,200,150,2
2087,1680,291,2
2088,2236,332,2
2089,2090,321,2
2090,2297,336,3
2091,1539,279,1
2092,1703,291,3
2093,1038,175,3
2094,21,6,2
2095,2134,326,1
2096,1710,292,3
2097,1214,214,1
2098,2024,319,2
2099,2252,237,2
2100,1525,277,1
2101,425,81,3
2102,1410,260,1
2103,2077,321,1
2104,1153,195,3
2105,1146,195,1
2106,1704,291,3
2107,2316,337,1
2108,871,141,3
2109,1684,291,2
2110,423,81,2
2111,423,141,3
2112,318,59,2
2113,1123,189,3
2114,165,37,3
2115,338,63,3
2116,330,61,2
2117,602,103,2
2118,879,142,1
2119,493,89,1
2120,498,89,1
2121,1264,222,2
2122,436,84,1
2123,686,120,2
2124,494,89,1
2125,433,83,2
2126,750,125,1
2127,1375,249,2
2128,235,52,1
2129,1512,274,1
2130,451,85,1
2131,1530,277,2
2132,900,142,3
2133,895,142,2
2134,1823,309,1
2135,48,12,3
2136,1705,291,3
2137,1478,266,3
2138,225,51,1
2139,676,119,1
2140,1790,304,2
2141,490,89,1
2142,1873,309,3
2143,6,1,3
2144,1253,219,3
2145,1253,334,1
2146,2271,336,1
2147,1884,309,3
2148,149,33,3
2149,2035,319,2
2150,979,158,2
2151,2197,327,3
2152,2398,339,3
2153,8,2,2
2154,1433,266,1
2155,1231,218,1
2156,400,77,3
2157,1344,241,3
2158,1404,259,1
2159,1780,303,2
2160,428,82,3
2161,1444,266,1
2162,1662,291,1
2163,1663,291,1
2164,1346,242,2
2165,51,13,2
2166,51,77,1
2167,1434,266,1
2168,1220,215,2
2169,2399,339,3
2170,379,73,3
2171,2057,319,3
2172,2283,336,2
2173,2058,319,3
2174,538,91,2
2175,160,36,2
2176,160,140,1
2177,776,132,3
2178,1575,285,3
2179,1664,291,1
2180,1791,304,3
2181,1094,152,2
2182,1319,236,2
2183,445,84,3
2184,1611,290,1
2185,1238,218,3
2186,2036,319,2
2187,1962,314,3
2188,1414,261,2
2189,1414,314,3
2190,1421,263,3
2191,2386,339,2
2192,1956,313,3
2193,2400,339,3
2194,1140,193,3
2195,2141,326,2
2196,575,98,3
2197,2137,326,2
2198,293,56,1
2199,293,79,1
2200,1984,318,1
2201,958,154,2
2202,2241,332,3
2203,2284,336,2
2204,603,103,3
2205,586,100,3
2206,586,141,3
2207,499,89,1
2208,1173,201,3
2209,358,69,3
2210,1419,263,1
2211,1419,316,2
2212,1010,169,3
2213,556,94,2
2214,1389,253,3
2215,1952,313,2
2216,389,74,3
2217,868,141,3
2218,809,138,1
2219,53,14,1
2220,53,172,2
2221,391,74,3
2222,1505,273,1
2223,1761,301,2
2224,759,128,1
2225,658,115,1
2226,746,124,3
2227,1200,210,2
2228,1163,199,1
2229,747,124,3
2230,401,78,1
2231,401,220,2
2232,503,89,2
2233,1989,318,2
2234,504,89,2
2235,1187,206,1
2236,1306,232,1
2237,2330,338,1
2238,731,124,1
2239,662,115,3
2240,1992,318,3
2241,1036,175,1
2242,505,89,2
2243,1443,266,1
2244,127,30,2
2245,175,40,3
2246,709,122,2
2247,805,136,3
2248,100,24,3
2249,100,180,2
2250,1044,177,3
2251,1044,270,1
2252,1338,240,3
2253,1665,291,1
2254,1493,269,3
2255,292,56,1
2256,292,79,2
2257,1855,309,2
2258,107,25,2
2259,1449,266,2
2260,1252,219,3
2261,1079,180,2
2262,984,160,1
2263,798,135,3
2264,798,306,1
2265,1322,168,2
2266,668,117,2
2267,1452,266,2
2268,279,52,3
2269,485,88,2
2270,448,85,1
2271,449,85,1
2272,4,1,2
2273,1053,178,2
2274,2262,334,3
2275,219,49,3
2276,1706,291,3
2277,2162,327,1
2278,1551,282,1
2279,2248,332,3
2280,214,48,2
2281,1250,219,3
2282,1650,290,3
2283,1811,306,3
2284,700,122,1
2285,881,142,1
2286,2214,332,1
2287,1046,178,1
2288,917,144,3
2289,91,24,1
2290,91,111,3
2291,701,122,1
2292,543,91,3
2293,1974,315,3
2294,1199,210,1
2295,579,99,1
2296,579,141,2
2297,2332,338,1
2298,34,10,1
2299,882,142,1
2300,1858,309,2
2301,1015,171,1
2302,335,62,3
2303,1427,265,3
2304,719,122,3
2305,1353,243,3
2306,755,126,3
2307,142,31,3
2308,142,75,2
2309,142,159,3
2310,1760,301,2
2311,402,78,1
2312,402,220,1
2313,748,124,3
2314,938,148,2
2315,1958,314,1
2316,205,46,2
2317,205,297,1
2318,1285,226,3
2319,1912,310,2
2320,1934,256,1
2321,1763,301,3
2322,248,52,1
2323,675,119,1
2324,1828,309,1
2325,1837,309,1
2326,244,52,1
2327,1383,251,3
2328,1821,309,1
2329,247,52,1
2330,937,148,2
2331,1834,309,1
2332,78,20,3
2333,78,61,1
2334,1982,317,2
2335,629,111,1
2336,629,148,2
2337,27,8,1
2338,27,61,1
2339,390,74,3
2340,17,5,2
2341,1517,275,2
2342,218,49,2
2343,218,156,1
2344,992,162,3
2345,1759,301,2
2346,1716,294,2
2347,825,140,3
2348,1838,309,1
2349,169,38,3
2350,169,141,2
2351,1360,245,1
2352,1103,183,2
2353,380,74,1
2354,1932,311,3
2355,1377,249,3
2356,2278,336,1
2357,1612,290,1
2358,361,70,3
2359,361,156,2
2360,2315,337,1
2361,568,98,1
2362,2401,339,3
2363,1450,266,2
2364,788,135,1
2365,1385,252,2
2366,1011,169,3
2367,1392,254,3
2368,122,29,3
2369,982,159,2
2370,1736,298,3
2371,2114,323,2
2372,189,43,2
2373,2387,339,2
2374,1157,197,1
2375,749,124,3
2376,287,55,1
2377,435,83,3
2378,478,88,1
2379,741,124,3
2380,632,111,1
2381,198,44,2
2382,198,110,1
2383,198,111,1
2384,198,148,2
2385,388,74,3
2386,112,26,3
2387,1216,214,2
2388,660,115,2
2389,1136,193,1
2390,1177,202,3
2391,777,133,1
2392,1391,254,2
2393,1293,228,3
2394,482,88,2
2395,113,27,1
2396,143,31,3
2397,143,204,1
2398,2015,319,2
2399,372,73,2
2400,1089,151,1
2401,919,145,2